{"cameraMode":{"drawMode":0,"name":"Shaded","section":"Shading Mode"},"sceneLighting":true,"audioPlay":false,"sceneViewState":{"showFog":true,"showMaterialUpdate":true,"showSkybox":true,"showFlares":true,"showImageEffects":true,"showParticleSystems":true},"in2DMode":false,"pivot":{"x":-73.14556121826172,"y":-42.12135314941406,"z":43.319766998291019},"rotation":{"x":-0.24844765663146974,"y":0.48061230778694155,"z":-0.14411669969558717,"w":-0.8286157846450806},"size":112.56304931640625,"orthographic":false}