{"cameraMode":{"drawMode":0,"name":"Shaded","section":"Shading Mode"},"sceneLighting":true,"audioPlay":false,"sceneViewState":{"showFog":true,"showMaterialUpdate":true,"showSkybox":true,"showFlares":true,"showImageEffects":true,"showParticleSystems":true},"in2DMode":false,"pivot":{"x":-34.54426193237305,"y":-44.3241081237793,"z":-26.999191284179689},"rotation":{"x":-0.08110206574201584,"y":0.9148369431495667,"z":-0.3213585317134857,"w":-0.23086582124233247},"size":112.56304931640625,"orthographic":false}