{"cameraMode":{"drawMode":0,"name":"Shaded","section":"Shading Mode"},"sceneLighting":true,"audioPlay":false,"sceneViewState":{"showFog":true,"showMaterialUpdate":true,"showSkybox":true,"showFlares":true,"showImageEffects":true,"showParticleSystems":true},"in2DMode":false,"pivot":{"x":-62.06901168823242,"y":-37.031593322753909,"z":-21.03780746459961},"rotation":{"x":-0.12438108772039414,"y":0.849921464920044,"z":-0.2313898205757141,"w":-0.45683255791664126},"size":112.56304931640625,"orthographic":false}