{"cameraMode":{"drawMode":0,"name":"Shaded","section":"Shading Mode"},"sceneLighting":true,"audioPlay":false,"sceneViewState":{"showFog":true,"showMaterialUpdate":true,"showSkybox":true,"showFlares":true,"showImageEffects":true,"showParticleSystems":true},"in2DMode":false,"pivot":{"x":-60.37244415283203,"y":-37.70148468017578,"z":-13.499134063720704},"rotation":{"x":-0.13416537642478944,"y":0.8513959646224976,"z":-0.26365458965301516,"w":-0.4332258403301239},"size":112.56304931640625,"orthographic":false}